"Status","Start Time","Stop Time","Duration in ms","Parent Suite","Suite","Sub Suite","Test Class","Test Method","Name","Description"
"passed","Fri Sep 11 14:38:52 UTC 2026","Fri Sep 11 14:38:52 UTC 2026","127","","Posts CRUD Tests","","qa.api.ApiTest","getPostById_shouldHaveCorrectTypes","GET /posts/1 — все поля имеют корректные типы",""
"passed","Fri Sep 11 14:38:54 UTC 2026","Fri Sep 11 14:38:54 UTC 2026","83","","Posts CRUD Tests","","qa.api.ApiTest","getPostById_parameterized","GET /posts/{id} — параметризованный тест для ID 1-10 Post ID = 10",""
"passed","Fri Sep 11 14:38:51 UTC 2026","Fri Sep 11 14:38:51 UTC 2026","111","","Users API Tests","","qa.api.UsersApiTest","getAllUsers_uniqueIds","GET /users — все ID уникальны",""
"passed","Fri Sep 11 14:38:53 UTC 2026","Fri Sep 11 14:38:53 UTC 2026","134","","Posts CRUD Tests","","qa.api.ApiTest","getPostById_parameterized","GET /posts/{id} — параметризованный тест для ID 1-10 Post ID = 2",""
"passed","Fri Sep 11 14:38:53 UTC 2026","Fri Sep 11 14:38:53 UTC 2026","177","","Posts CRUD Tests","","qa.api.ApiTest","patchPost_shouldUpdateTitle","PATCH /posts/1 — обновить только заголовок",""
"passed","Fri Sep 11 14:38:53 UTC 2026","Fri Sep 11 14:38:53 UTC 2026","113","","Posts CRUD Tests","","qa.api.ApiTest","getPostById_parameterized","GET /posts/{id} — параметризованный тест для ID 1-10 Post ID = 3",""
"passed","Fri Sep 11 14:38:48 UTC 2026","Fri Sep 11 14:38:50 UTC 2026","2375","","Users API Tests","","qa.api.UsersApiTest","getAllUsers_exactly10Users","GET /users — ровно 10 пользователей",""
"passed","Fri Sep 11 14:38:54 UTC 2026","Fri Sep 11 14:38:54 UTC 2026","178","","Posts CRUD Tests","","qa.api.ApiTest","deletePost_shouldReturn200","DELETE /posts/1 — удалить пост (статус 200)",""
"passed","Fri Sep 11 14:38:53 UTC 2026","Fri Sep 11 14:38:53 UTC 2026","82","","Posts CRUD Tests","","qa.api.ApiTest","getPostById_parameterized","GET /posts/{id} — параметризованный тест для ID 1-10 Post ID = 6",""
"passed","Fri Sep 11 14:38:54 UTC 2026","Fri Sep 11 14:38:54 UTC 2026","82","","Posts CRUD Tests","","qa.api.ApiTest","getPostById_parameterized","GET /posts/{id} — параметризованный тест для ID 1-10 Post ID = 9",""
"passed","Fri Sep 11 14:38:53 UTC 2026","Fri Sep 11 14:38:54 UTC 2026","116","","Posts CRUD Tests","","qa.api.ApiTest","getPostById_parameterized","GET /posts/{id} — параметризованный тест для ID 1-10 Post ID = 7",""
"passed","Fri Sep 11 14:38:52 UTC 2026","Fri Sep 11 14:38:52 UTC 2026","132","","Users API Tests","","qa.api.UsersApiTest","getAllUsers_websitesShouldBeValid","GET /users — website валидный домен",""
"passed","Fri Sep 11 14:38:52 UTC 2026","Fri Sep 11 14:38:53 UTC 2026","121","","Posts CRUD Tests","","qa.api.ApiTest","createPost_longTitle_shouldReturn201","POST /posts — заголовок > 1000 символов",""
"passed","Fri Sep 11 14:38:56 UTC 2026","Fri Sep 11 14:38:56 UTC 2026","162","","Comments, Albums, Todos Tests","","qa.api.MiscApiTest","getCommentsByPostId_shouldFilter","GET /comments?postId=1 — комментарии к посту 1",""
"passed","Fri Sep 11 14:38:54 UTC 2026","Fri Sep 11 14:38:55 UTC 2026","187","","Posts CRUD Tests","","qa.api.ApiTest","getPostById_notFound_shouldReturn404","GET /posts/99999 — вернуть 404 для несуществующего поста",""
"passed","Fri Sep 11 14:38:54 UTC 2026","Fri Sep 11 14:38:54 UTC 2026","173","","Posts CRUD Tests","","qa.api.ApiTest","createPost_shouldEchoSubmittedData","POST /posts — 201, ответ содержит те же title/body/userId и присвоенный id",""
"passed","Fri Sep 11 14:38:55 UTC 2026","Fri Sep 11 14:38:55 UTC 2026","137","","Posts CRUD Tests","","qa.api.ApiTest","getPostById_shouldReturnPost","GET /posts/1 — вернуть конкретный пост",""
"passed","Fri Sep 11 14:38:54 UTC 2026","Fri Sep 11 14:38:54 UTC 2026","223","","Posts CRUD Tests","","qa.api.ApiTest","getAllPosts_shouldReturn200","GET /posts — вернуть список всех постов (статус 200)",""
"passed","Fri Sep 11 14:38:56 UTC 2026","Fri Sep 11 14:38:56 UTC 2026","125","","Comments, Albums, Todos Tests","","qa.api.MiscApiTest","getCompletedTodos_shouldFilter","GET /todos?completed=true — только выполненные",""
"passed","Fri Sep 11 14:38:56 UTC 2026","Fri Sep 11 14:38:56 UTC 2026","177","","Comments, Albums, Todos Tests","","qa.api.MiscApiTest","getAlbumsByUserId","GET /albums?userId=1 — альбомы пользователя 1",""
"passed","Fri Sep 11 14:38:53 UTC 2026","Fri Sep 11 14:38:53 UTC 2026","127","","Posts CRUD Tests","","qa.api.ApiTest","getPostById_parameterized","GET /posts/{id} — параметризованный тест для ID 1-10 Post ID = 4",""
"passed","Fri Sep 11 14:38:51 UTC 2026","Fri Sep 11 14:38:51 UTC 2026","84","","Users API Tests","","qa.api.UsersApiTest","getAllUsers_shouldReturn10","GET /users — вернуть список из 10 пользователей",""
"passed","Fri Sep 11 14:38:54 UTC 2026","Fri Sep 11 14:38:54 UTC 2026","135","","Posts CRUD Tests","","qa.api.ApiTest","getPostById_parameterized","GET /posts/{id} — параметризованный тест для ID 1-10 Post ID = 8",""
"passed","Fri Sep 11 14:38:55 UTC 2026","Fri Sep 11 14:38:56 UTC 2026","127","","Comments, Albums, Todos Tests","","qa.api.MiscApiTest","getAllAlbums_shouldReturn100","GET /albums — вернуть 100 альбомов",""
"passed","Fri Sep 11 14:38:52 UTC 2026","Fri Sep 11 14:38:52 UTC 2026","107","","Posts CRUD Tests","","qa.api.ApiTest","createPost_emptyBody_shouldHandleGracefully","POST /posts — пустое тело запроса",""
"passed","Fri Sep 11 14:38:55 UTC 2026","Fri Sep 11 14:38:55 UTC 2026","165","","Comments, Albums, Todos Tests","","qa.api.MiscApiTest","getComments_emailsShouldBeValid","GET /comments — email содержит @",""
"passed","Fri Sep 11 14:38:53 UTC 2026","Fri Sep 11 14:38:53 UTC 2026","104","","Posts CRUD Tests","","qa.api.ApiTest","getPostById_parameterized","GET /posts/{id} — параметризованный тест для ID 1-10 Post ID = 5",""
"passed","Fri Sep 11 14:38:56 UTC 2026","Fri Sep 11 14:38:56 UTC 2026","110","","Comments, Albums, Todos Tests","","qa.api.MiscApiTest","getPosts_responseTimeShouldBeFast","GET /posts — ответ быстрее 2000мс",""
"passed","Fri Sep 11 14:38:50 UTC 2026","Fri Sep 11 14:38:51 UTC 2026","426","","Users API Tests","","qa.api.UsersApiTest","getUserById_shouldHaveAllFields","GET /users/1 — все поля заполнены",""
"passed","Fri Sep 11 14:38:56 UTC 2026","Fri Sep 11 14:38:56 UTC 2026","159","","Comments, Albums, Todos Tests","","qa.api.MiscApiTest","getAllTodos_shouldReturn200","GET /todos — вернуть 200 задач",""
"passed","Fri Sep 11 14:38:55 UTC 2026","Fri Sep 11 14:38:55 UTC 2026","103","","Posts CRUD Tests","","qa.api.ApiTest","getPostsByUserId_shouldReturnFiltered","GET /posts?userId=1 — фильтрация по пользователю",""
"passed","Fri Sep 11 14:38:52 UTC 2026","Fri Sep 11 14:38:52 UTC 2026","311","","Posts CRUD Tests","","qa.api.ApiTest","createPost_shouldReturn201","POST /posts — создать пост (статус 201)",""
"passed","Fri Sep 11 14:38:51 UTC 2026","Fri Sep 11 14:38:51 UTC 2026","180","","Users API Tests","","qa.api.UsersApiTest","getUsersByName_shouldFilter","GET /users?name=Leanne — поиск по имени",""
"passed","Fri Sep 11 14:38:55 UTC 2026","Fri Sep 11 14:38:55 UTC 2026","160","","Comments, Albums, Todos Tests","","qa.api.MiscApiTest","getTodosByUserAndStatus","GET /todos?userId=1&completed=false — невыполненные пользователя 1",""
"passed","Fri Sep 11 14:38:56 UTC 2026","Fri Sep 11 14:38:56 UTC 2026","176","","Comments, Albums, Todos Tests","","qa.api.MiscApiTest","getAllComments_shouldReturn500","GET /comments — вернуть 500 комментариев",""
"passed","Fri Sep 11 14:38:51 UTC 2026","Fri Sep 11 14:38:51 UTC 2026","155","","Users API Tests","","qa.api.UsersApiTest","getAllUsers_emailsShouldBeValid","GET /users — валидация формата email",""
"passed","Fri Sep 11 14:38:53 UTC 2026","Fri Sep 11 14:38:53 UTC 2026","135","","Posts CRUD Tests","","qa.api.ApiTest","getPostById_parameterized","GET /posts/{id} — параметризованный тест для ID 1-10 Post ID = 1",""
"passed","Fri Sep 11 14:38:55 UTC 2026","Fri Sep 11 14:38:55 UTC 2026","96","","Comments, Albums, Todos Tests","","qa.api.MiscApiTest","getPosts_contentTypeShouldBeJson","GET /posts — Content-Type application/json",""
"passed","Fri Sep 11 14:38:51 UTC 2026","Fri Sep 11 14:38:52 UTC 2026","196","","Users API Tests","","qa.api.UsersApiTest","getUser_notFound","GET /users/99999 — несуществующий пользователь",""
"passed","Fri Sep 11 14:38:52 UTC 2026","Fri Sep 11 14:38:52 UTC 2026","136","","Posts CRUD Tests","","qa.api.ApiTest","updatePost_shouldReturn200","PUT /posts/1 — полностью обновить пост",""
"passed","Fri Sep 11 14:38:55 UTC 2026","Fri Sep 11 14:38:55 UTC 2026","94","","Posts CRUD Tests","","qa.api.ApiTest","createPost_xssInTitle_shouldReturn201","POST /posts — XSS в заголовке",""
"passed","Fri Sep 11 14:39:55 UTC 2026","Fri Sep 11 14:39:56 UTC 2026","852","","Login Tests","","qa.ui.LoginTest","loginPage_shouldDisplayAllElements","Страница логина: все элементы отображаются",""
"passed","Fri Sep 11 14:38:52 UTC 2026","Fri Sep 11 14:38:54 UTC 2026","1898","","Cart and Checkout Tests","","qa.ui.CartTest","checkout_emptyLastName_shouldShowError","Checkout: пустая фамилия -> ошибка 'Last Name is required'",""
"passed","Fri Sep 11 14:38:54 UTC 2026","Fri Sep 11 14:38:55 UTC 2026","1657","","Cart and Checkout Tests","","qa.ui.CartTest","checkout_shouldShowPriceSummary","Checkout: отображается Item Total, Tax, Total",""
"passed","Fri Sep 11 14:38:55 UTC 2026","Fri Sep 11 14:38:57 UTC 2026","1486","","Cart and Checkout Tests","","qa.ui.CartTest","cart_removeItem_shouldEmptyCart","Добавить -> удалить из корзины -> корзина пуста",""
"passed","Fri Sep 11 14:39:56 UTC 2026","Fri Sep 11 14:39:57 UTC 2026","1147","","Login Tests","","qa.ui.LoginTest","login_standardUser_shouldRedirectToCatalog","Логин: standard_user -> перенаправление на каталог",""
"passed","Fri Sep 11 14:39:06 UTC 2026","Fri Sep 11 14:39:07 UTC 2026","1244","","Cart and Checkout Tests","","qa.ui.CartTest","cart_empty_shouldHave0Items","Корзина: пустая -> 0 товаров",""
"passed","Fri Sep 11 14:39:43 UTC 2026","Fri Sep 11 14:39:44 UTC 2026","1123","","Login Tests","","qa.ui.LoginTest","login_wrongUsername_shouldShowError","Логин: неверный логин -> ошибка",""
"passed","Fri Sep 11 14:39:01 UTC 2026","Fri Sep 11 14:39:03 UTC 2026","1791","","Cart and Checkout Tests","","qa.ui.CartTest","checkout_afterComplete_shouldReturnToCatalog","После покупки -> Back Home -> каталог",""
"passed","Fri Sep 11 14:39:17 UTC 2026","Fri Sep 11 14:39:18 UTC 2026","1251","","Catalog Tests","","qa.ui.CatalogTest","catalog_addAndGoToCart_shouldSeeItem","Добавить товар -> перейти в корзину -> товар виден",""
"passed","Fri Sep 11 14:38:59 UTC 2026","Fri Sep 11 14:39:01 UTC 2026","1790","","Cart and Checkout Tests","","qa.ui.CartTest","checkout_fullFlow_shouldComplete","E2E: Логин -> товар -> корзина -> Checkout -> Finish",""
"passed","Fri Sep 11 14:39:42 UTC 2026","Fri Sep 11 14:39:43 UTC 2026","1045","","Login Tests","","qa.ui.LoginTest","login_emptyUsername_shouldShowError","Логин: пустой логин -> ошибка",""
"passed","Fri Sep 11 14:39:07 UTC 2026","Fri Sep 11 14:39:09 UTC 2026","1417","","Cart and Checkout Tests","","qa.ui.CartTest","cart_addThreeItems_shouldHave3Items","Добавить 3 товара -> корзина: 3 товара",""
"passed","Fri Sep 11 14:39:41 UTC 2026","Fri Sep 11 14:39:42 UTC 2026","1343","","Catalog Tests","","qa.ui.CatalogTest","catalog_addMultipleItems_shouldUpdateBadge","Добавить 3 товара -> корзина показывает 3",""
"passed","Fri Sep 11 14:38:58 UTC 2026","Fri Sep 11 14:38:59 UTC 2026","1286","","Cart and Checkout Tests","","qa.ui.CartTest","cart_continueShopping_shouldReturnToCatalog","Корзина -> Continue Shopping -> каталог",""
"passed","Fri Sep 11 14:39:20 UTC 2026","Fri Sep 11 14:39:22 UTC 2026","1243","","Catalog Tests","","qa.ui.CatalogTest","catalog_sortByPriceLowToHigh","Сортировка: Price (low to high)",""
"passed","Fri Sep 11 14:38:40 UTC 2026","Fri Sep 11 14:38:52 UTC 2026","11487","","Cart and Checkout Tests","","qa.ui.CartTest","checkout_cancel_shouldReturnToCart","Checkout -> Cancel -> возврат в корзину",""
"passed","Fri Sep 11 14:39:44 UTC 2026","Fri Sep 11 14:39:45 UTC 2026","950","","Login Tests","","qa.ui.LoginTest","login_emptyFields_shouldShowError","Логин: оба поля пустые -> ошибка",""
"passed","Fri Sep 11 14:39:05 UTC 2026","Fri Sep 11 14:39:06 UTC 2026","1585","","Cart and Checkout Tests","","qa.ui.CartTest","checkout_emptyPostalCode_shouldShowError","Checkout: пустой индекс -> ошибка 'Postal Code is required'",""
"passed","Fri Sep 11 14:39:03 UTC 2026","Fri Sep 11 14:39:05 UTC 2026","1577","","Cart and Checkout Tests","","qa.ui.CartTest","checkout_emptyFirstName_shouldShowError","Checkout: пустое имя -> ошибка 'First Name is required'",""
"passed","Fri Sep 11 14:39:46 UTC 2026","Fri Sep 11 14:39:47 UTC 2026","1127","","Login Tests","","qa.ui.LoginTest","login_wrongPassword_shouldShowError","Логин: standard_user + неверный пароль -> ошибка",""
"passed","Fri Sep 11 14:39:45 UTC 2026","Fri Sep 11 14:39:46 UTC 2026","1042","","Login Tests","","qa.ui.LoginTest","login_emptyPassword_shouldShowError","Логин: пустой пароль -> ошибка",""
"passed","Fri Sep 11 14:39:19 UTC 2026","Fri Sep 11 14:39:20 UTC 2026","1221","","Catalog Tests","","qa.ui.CatalogTest","catalog_goToCart_shouldNavigateToCartPage","Каталог -> Корзина: переход по иконке корзины",""
"passed","Fri Sep 11 14:39:49 UTC 2026","Fri Sep 11 14:39:55 UTC 2026","6123","","Login Tests","","qa.ui.LoginTest","login_performanceGlitchUser_shouldLoginWithDelay","Логин: performance_glitch_user -> медленный вход",""
"passed","Fri Sep 11 14:38:57 UTC 2026","Fri Sep 11 14:38:58 UTC 2026","1279","","Cart and Checkout Tests","","qa.ui.CartTest","cart_addOneItem_shouldHave1Item","Добавить товар -> корзина: 1 товар",""
"passed","Fri Sep 11 14:39:47 UTC 2026","Fri Sep 11 14:39:48 UTC 2026","1117","","Login Tests","","qa.ui.LoginTest","login_problemsUser_shouldLogin","Логин: problems_user -> успешный вход",""
"passed","Fri Sep 11 14:39:39 UTC 2026","Fri Sep 11 14:39:41 UTC 2026","1122","","Catalog Tests","","qa.ui.CatalogTest","catalog_shouldShowProductsTitle","Каталог: заголовок 'Products'",""
"passed","Fri Sep 11 14:39:18 UTC 2026","Fri Sep 11 14:39:19 UTC 2026","1195","","Catalog Tests","","qa.ui.CatalogTest","catalog_allItemsHaveNames","Каталог: у всех товаров есть имя",""
"passed","Fri Sep 11 14:39:38 UTC 2026","Fri Sep 11 14:39:39 UTC 2026","1245","","Catalog Tests","","qa.ui.CatalogTest","catalog_sortByPriceHighToLow","Сортировка: Price (high to low)",""
"passed","Fri Sep 11 14:39:57 UTC 2026","Fri Sep 11 14:39:58 UTC 2026","1139","","Login Tests","","qa.ui.LoginTest","login_lockedUser_shouldShowLockedMessage","Логин: locked_out_user -> сообщение о блокировке",""
"passed","Fri Sep 11 14:39:48 UTC 2026","Fri Sep 11 14:39:49 UTC 2026","776","","Login Tests","","qa.ui.LoginTest","loginPage_loginButtonIsClickable","Страница логина: кнопка Login кликабельна",""
"passed","Fri Sep 11 14:39:16 UTC 2026","Fri Sep 11 14:39:17 UTC 2026","1250","","Catalog Tests","","qa.ui.CatalogTest","catalog_sortByNameZtoA","Сортировка: Name (Z to A)",""
"passed","Fri Sep 11 14:39:10 UTC 2026","Fri Sep 11 14:39:12 UTC 2026","1790","","Catalog Tests","","qa.ui.CatalogTest","catalog_logout_shouldReturnToLoginPage","Бургер-меню -> Logout -> страница логина",""
"passed","Fri Sep 11 14:39:12 UTC 2026","Fri Sep 11 14:39:13 UTC 2026","1166","","Catalog Tests","","qa.ui.CatalogTest","catalog_shouldDisplay6Items","Каталог: 6 товаров на странице",""
"passed","Fri Sep 11 14:39:13 UTC 2026","Fri Sep 11 14:39:14 UTC 2026","1288","","Catalog Tests","","qa.ui.CatalogTest","catalog_allItemsHavePrices","Каталог: у всех товаров есть цена ($)",""
"passed","Fri Sep 11 14:39:22 UTC 2026","Fri Sep 11 14:39:38 UTC 2026","16448","","Catalog Tests","","qa.ui.CatalogTest","catalog_addThenRemove_shouldResetButton","Добавить -> удалить -> кнопка возвращается",""
"passed","Fri Sep 11 14:39:09 UTC 2026","Fri Sep 11 14:39:10 UTC 2026","1242","","Catalog Tests","","qa.ui.CatalogTest","catalog_addToCart_shouldChangeButtonToRemove","Добавить 'Sauce Labs Backpack' -> кнопка меняется на 'Remove'",""
"passed","Fri Sep 11 14:39:14 UTC 2026","Fri Sep 11 14:39:16 UTC 2026","1264","","Catalog Tests","","qa.ui.CatalogTest","catalog_sortByNameAtoZ","Сортировка: Name (A to Z)",""
